"city","population","country","cca2","lat","lng","slug"
"Moscow",12737400,"Russia","RU",55.7522,37.6156,
"Paris",11346800,"France","FR",48.8534,2.3488,
"London",9840740,"United Kingdom","GB",51.5085,-0.12574,
"Madrid",6810530,"Spain","ES",40.4165,-3.70256,
"Barcelona",5733250,"Spain","ES",41.3888,2.15899,
"Saint Petersburg",5597340,"Russia","RU",59.9386,30.3141,
"Rome",4347100,"Italy","IT",41.8919,12.5113,
"Berlin",3580190,"Germany","DE",52.5244,13.4105,
"Milan",3167450,"Italy","IT",45.4643,9.18951,
"Athens",3155320,"Greece","GR",37.9795,23.7162,
"Lisbon",3028270,"Portugal","PT",38.7167,-9.13333,
"Manchester",2832580,"United Kingdom","GB",53.4809,-2.23743,
"Kyiv",2797553,"Ukraine","UA",50.4547,30.5238,
"Birmingham",2704620,"United Kingdom","GB",52.4814,-1.89983,
"Naples",2182170,"Italy","IT",40.8522,14.2681,
"Brussels",2141520,"Belgium","BE",50.8504,4.34878,
"Minsk",2070930,"Belarus","BY",53.9,27.5667,
"Vienna",2005500,"Austria","AT",48.2085,16.3721,
"Turin",1809850,"Italy","IT",45.0705,7.68682,
"Warsaw",1800230,"Poland","PL",52.2298,21.0118,
"Hamburg",1787710,"Germany","DE",53.5753,10.0153,
"Lyon",1787230,"France","FR",45.7485,4.84671,
"Budapest",1782240,"Hungary","HU",47.498,19.0399,
"Bucharest",1758700,"Romania","RO",44.4323,26.1063,
"Stockholm",1737760,"Sweden","SE",59.3326,18.0649,
"Glasgow",1718940,"United Kingdom","GB",55.8652,-4.25763,
"Novosibirsk",1706660,"Russia","RU",55.0415,82.9346,
"Marseille",1644610,"France","FR",43.297,5.38107,
"Munich",1590890,"Germany","DE",48.1374,11.5755,
"Yekaterinburg",1537000,"Russia","RU",56.8519,60.6122,
"Zurich",1455100,"Switzerland","CH",47.3667,8.55,
"Kharkiv",1415820,"Ukraine","UA",49.9808,36.2527,
"Belgrade",1412950,"Serbia","RS",44.804,20.4651,
"Copenhagen",1400740,"Denmark","DK",55.6759,12.5655,
"Helsinki",1354890,"Finland","FI",60.1695,24.9354,
"Porto",1334200,"Portugal","PT",41.1496,-8.61099,
"Prague",1331940,"Czech Republic","CZ",50.088,14.4208,
"Kazan",1299580,"Russia","RU",55.7887,49.1221,
"Dublin",1299110,"Ireland","IE",53.3331,-6.24889,
"Sofia",1286460,"Bulgaria","BG",42.6975,23.3242,
"Nizhniy Novgorod",1249760,"Russia","RU",56.3287,44.002,
"Chelyabinsk",1246210,"Russia","RU",55.154,61.4291,
"Amsterdam",1189200,"Netherlands","NL",52.374,4.88969,
"Omsk",1180820,"Russia","RU",54.9924,73.3686,
"Krasnoyarsk",1177840,"Russia","RU",56.0184,92.8672,
"Samara",1153710,"Russia","RU",53.2001,50.15,
"Ufa",1148400,"Russia","RU",54.7431,55.9678,
"Oslo",1115580,"Norway","NO",59.9127,10.7461,
"Lille",1091590,"France","FR",50.633,3.05858,
"Voronezh",1086000,"Russia","RU",51.672,39.1843,
"Perm",1085990,"Russia","RU",58.0105,56.2502,
"Toulouse",1080180,"France","FR",43.6043,1.44367,
"Rostov-na-Donu",1074482,"Russia","RU",47.2313,39.7233,
"Rotterdam",1026250,"Netherlands","NL",51.9225,4.47917,
"Bordeaux",1018070,"France","FR",44.8404,-0.5805,
"Krasnodar",1017530,"Russia","RU",45.0448,38.976,
"Odessa",1001558,"Ukraine","UA",46.4775,30.7326,
"Volgograd",992268,"Russia","RU",48.7194,44.5018,
"Southampton",966741,"United Kingdom","GB",50.9039,-1.40428,
"Koeln",963395,"Germany","DE",50.9333,6.95,
"Nice",956195,"France","FR",43.7031,7.26608,
"Dnipro",931255,"Ukraine","UA",48.4593,35.0387,
"Liverpool",928997,"United Kingdom","GB",53.4106,-2.97794,
"Tyumen",926519,"Russia","RU",57.1522,65.5272,
"Bergamo",923221,"Italy","IT",45.696,9.66721,
"Donetsk",876063,"Ukraine","UA",48.023,37.8022,
"Palermo",851282,"Italy","IT",38.132,13.3356,
"Valencia",841354,"Spain","ES",39.4697,-0.37739,
"Saratov",837323,"Russia","RU",51.5406,46.0086,
"Newcastle upon Tyne",834242,"United Kingdom","GB",54.9733,-1.61396,
"Nottingham",819334,"United Kingdom","GB",52.9536,-1.15047,
"Bologna",819297,"Italy","IT",44.4938,11.3387,
"Thessaloniki",815472,"Greece","GR",40.6436,22.9309,
"Zaporizhia",796217,"Ukraine","UA",47.8229,35.1903,
"Krakow",769375,"Poland","PL",50.0614,19.9366,
"Sheffield",756783,"United Kingdom","GB",53.383,-1.4659,
"Zaragoza",742924,"Spain","ES",41.6561,-0.87734,
"The Hague",724903,"Netherlands","NL",52.0767,4.29861,
"Bristol",720052,"United Kingdom","GB",51.4552,-2.59665,
"Lviv",718308,"Ukraine","UA",49.8383,24.0232,
"Florence",713615,"Italy","IT",43.7793,11.2463,
"Nantes",711464,"France","FR",47.2173,-1.55336,
"Sevilla",703206,"Spain","ES",37.3828,-5.97317,
"Tol'yatti",702879,"Russia","RU",53.5303,49.3461,
"Padova",700391,"Italy","IT",45.408,11.8859,
"Liege",688582,"Belgium","BE",50.6337,5.56749,
"Zagreb",684359,"Croatia","HR",45.8144,15.978,
"Genoa",674241,"Italy","IT",44.4048,8.94439,
"Busto Arsizio",668674,"Italy","IT",45.6113,8.84914,
"Izhevsk",652790,"Russia","RU",56.8498,53.2045,
"Belfast",651982,"United Kingdom","GB",54.5968,-5.92541,
"Lodz",650066,"Poland","PL",51.7706,19.4739,
"Frankfurt am Main",650000,"Germany","DE",50.1155,8.68417,
"Irkutsk",648468,"Russia","RU",52.2978,104.296,
"Khabarovsk",644284,"Russia","RU",48.4827,135.084,
"Verona",644081,"Italy","IT",45.4299,10.9844,
"Duesseldorf",642888,"Germany","DE",51.2217,6.77616,
"Barnaul",642415,"Russia","RU",53.3606,83.7636,
"Wroclaw",642228,"Poland","PL",51.1,17.0333,
"Seregno",638979,"Italy","IT",45.65,9.20548,
"Stuttgart",636840,"Germany","DE",48.7823,9.17702,
"Brighton",632475,"United Kingdom","GB",50.8284,-0.13947,
"Bari",625606,"Italy","IT",41.1115,16.8554,
"Ulyanovsk",622745,"Russia","RU",54.3282,48.3866,
"Skopje",620825,"North Macedonia","MK",41.9965,21.4314,
"Riga",615764,"Latvia","LV",56.946,24.1059,
"Yaroslavl",613355,"Russia","RU",57.6299,39.8737,
"Tomsk",611949,"Russia","RU",56.4977,84.9744,
"Vladivostok",609863,"Russia","RU",43.1056,131.874,
"Leipzig",609135,"Germany","DE",51.3396,12.3713,
"Makhachkala",602853,"Russia","RU",42.9764,47.5024,
"Malaga",595139,"Spain","ES",36.7202,-4.42034,
"Kryvyi Rih",594834,"Ukraine","UA",47.9097,33.3804,
"Dresden",594326,"Germany","DE",51.0509,13.7383,
"Toulon",592764,"France","FR",43.1244,5.92836,
"Dortmund",590432,"Germany","DE",51.5149,7.466,
"Catania",588820,"Italy","IT",37.4922,15.0704,
"Essen",580594,"Germany","DE",51.4566,7.01228,
"Basel",578727,"Switzerland","CH",47.5584,7.57327,
"Khabarovsk Vtoroy",578303,"Russia","RU",48.4378,135.133,
"Gomel",575827,"Belarus","BY",52.4345,30.9754,
"Utrecht",575526,"Netherlands","NL",52.0908,5.12222,
"Leicester",575352,"United Kingdom","GB",52.6386,-1.13169,
"Goeteborg",572799,"Sweden","SE",57.7072,11.9668,
"Kemerovo",570586,"Russia","RU",55.3333,86.0833,
"Orenburg",570039,"Russia","RU",51.7727,55.0988,
"Balashikha",569163,"Russia","RU",55.8094,37.9581,
"Bremen",568991,"Germany","DE",53.0752,8.80777,
"Edinburgh",563534,"United Kingdom","GB",55.9521,-3.19648,
"Pristina",550000,"Kosovo","XK",42.6727,21.1669,
"Novokuznetsk",546951,"Russia","RU",53.7557,87.1099,
"Grenoble",543623,"France","FR",45.1716,5.72239,
"Vilnius",541517,"Lithuania","LT",54.6892,25.2798,
"Hannover",538777,"Germany","DE",52.3705,9.73322,
"Tirana",535702,"Albania","AL",41.3275,19.8189,
"Astrakhan",534778,"Russia","RU",46.3497,48.0408,
"Duisburg",528993,"Germany","DE",51.4325,6.76516,
"Bournemouth",526845,"United Kingdom","GB",50.7205,-1.8795,
"Penza",520546,"Russia","RU",53.2007,45.0046,
"Kirov",520243,"Russia","RU",58.5966,49.6601,
"Kirov",520243,"Russia","RU",54.0669,34.2995,
"Ryazan'",520173,"Russia","RU",54.6269,39.6916,
"Poznan",518274,"Poland","PL",52.4069,16.9299,
"Murcia",517240,"Spain","ES",37.987,-1.13004,
"Cheboksary",517136,"Russia","RU",56.1322,47.2519,
"Mykolayiv",510840,"Ukraine","UA",46.9659,31.9974,
"Naberezhnyye Chelny",509870,"Russia","RU",55.7254,52.4112,
"Kalininskiy",504641,"Russia","RU",59.9967,30.3899,
"Lipetsk",502842,"Russia","RU",52.6031,39.5708,
"Nuernberg",499237,"Germany","DE",49.4542,11.0775,
"Brescia",496260,"Italy","IT",45.5356,10.2147,
"Cardiff",495378,"United Kingdom","GB",51.48,-3.18,
"Kaliningrad",495031,"Russia","RU",54.7065,20.511,
"Como",492616,"Italy","IT",45.8082,9.0832,
"Strasbourg",489811,"France","FR",48.5839,7.74553,
"Montpellier",486923,"France","FR",43.6109,3.87723,
"Palma",485878,"Spain","ES",39.5694,2.65024,
"Chisinau",484352,"Moldova","MD",47.0056,28.8575,
"Avignon",483655,"France","FR",43.9483,4.80892,
"Sochi",481033,"Russia","RU",43.5992,39.7257,
"Gent",479034,"Belgium","BE",51.05,3.71667,
"Cagliari",478929,"Italy","IT",39.2305,9.11917,
"Rouen",478713,"France","FR",49.4431,1.09932,
"Mykolaiv",476414,"Ukraine","UA",49.5237,23.9852,
"Kursk",475607,"Russia","RU",51.7373,36.1874,
"Lausanne",469802,"Switzerland","CH",46.516,6.63282,
"Latina",467352,"Italy","IT",41.4661,12.9043,
"Gdansk",465553,"Poland","PL",54.3521,18.6464,
"Tula",462035,"Russia","RU",54.1961,37.6182,
"Taranto",461729,"Italy","IT",40.4644,17.2471,
"Antwerpen",459805,"Belgium","BE",51.2199,4.40346,
"Tallinn",457657,"Estonia","EE",59.437,24.7535,
"Leeds",455123,"United Kingdom","GB",53.7965,-1.54785,
"Coventry",454584,"United Kingdom","GB",52.4066,-1.51217,
"Ulan-Ude",451894,"Russia","RU",51.8272,107.606,
"Bern",448150,"Switzerland","CH",46.9481,7.44744,
"Bratislava",443679,"Slovakia","SK",48.1482,17.1067,
"Caserta",433012,"Italy","IT",41.0726,14.3323,
"Tver",427338,"Russia","RU",56.8584,35.9006,
"Mariupol",425923,"Ukraine","UA",47.0951,37.5413,
"Salerno",423216,"Italy","IT",40.6754,14.7933,
"Magnitogorsk",420923,"Russia","RU",53.4186,59.0472,
"Belgorod",420057,"Russia","RU",50.6107,36.5802,
"Charleroi",419244,"Belgium","BE",50.4114,4.44448,
"Surgut",413754,"Russia","RU",61.25,73.4167,
"Wandsbek",411422,"Germany","DE",53.5833,10.083,
"Sevastopol",401552,"Ukraine","UA",44.5888,33.5224,
"Ivanovo",398393,"Russia","RU",56.9972,40.9714,
"Khmelnytskyi",398346,"Ukraine","UA",49.4216,26.9965,
"Middlesbrough",397527,"United Kingdom","GB",54.5762,-1.23483,
"Stoke-on-Trent",396812,"United Kingdom","GB",53.0042,-2.18538,
"Szczecin",396654,"Poland","PL",53.4289,14.553,
"Bryansk",390872,"Russia","RU",53.2521,34.3717,
"Treviso",386170,"Italy","IT",45.6667,12.2416,
"Luhansk",386097,"Ukraine","UA",48.5671,39.3171,
"Sector 3",385439,"Romania","RO",44.4234,26.1687,
"Pescara",384545,"Italy","IT",42.4584,14.2028,
"Vitebsk",384385,"Belarus","BY",55.1904,30.2049,
"Bochum",382181,"Germany","DE",51.4817,7.21648,
"Las Palmas de Gran Canaria",381847,"Spain","ES",28.0997,-15.4134,
"Saint-Etienne",381552,"France","FR",45.4339,4.39,
"Alicante",380675,"Spain","ES",38.3452,-0.48149,
"Brno",380587,"Czech Republic","CZ",49.1952,16.608,
"Bochum-Hordel",380000,"Germany","DE",51.5017,7.1756,
"Makiyivka",376610,"Ukraine","UA",48.0478,37.9258,
"Kaunas",374643,"Lithuania","LT",54.9027,23.9096,
"Eindhoven",372720,"Netherlands","NL",51.4408,5.47778,
"Rennes",371499,"France","FR",48.112,-1.67429,
"Brest",370503,"Belarus","BY",52.0975,23.6877,
"Tours",369653,"France","FR",47.3948,0.70398,
"Mahilyow",369200,"Belarus","BY",53.9168,30.3449,
"Sector 6",367760,"Romania","RO",44.4358,26.0165,
"Bethune",364898,"France","FR",50.5333,2.63333,
"Modena",364037,"Italy","IT",44.6478,10.9254,
"Chita",363732,"Russia","RU",52.0317,113.501,
"Stavropol'",363064,"Russia","RU",45.0428,41.9734,
"Vladimir",360331,"Russia","RU",56.1366,40.3966,
"Arkhangel'sk",356051,"Russia","RU",64.5401,40.5433,
"Reading",355596,"United Kingdom","GB",51.4562,-0.97113,
"Kaluga",352870,"Russia","RU",54.5293,36.2754,
"Vinnytsia",352115,"Ukraine","UA",49.2328,28.481,
"Tampere",350951,"Finland","FI",61.4991,23.7871,
"Sunderland",349162,"United Kingdom","GB",54.9047,-1.38222,
"Sarajevo",348404,"Bosnia and Herzegovina","BA",43.8486,18.3564,
"Wuppertal",348119,"Germany","DE",51.2563,7.14816,
"Mannheim",347710,"Germany","DE",49.4891,8.46694,
"Plovdiv",347170,"Bulgaria","BG",42.15,24.75,
"Bilbao",346746,"Spain","ES",43.2627,-2.92528,
"Cordoba",346280,"Spain","ES",37.8915,-4.77275,
"Sector 2",345370,"Romania","RO",44.4528,26.1332,
"Valenciennes",344351,"France","FR",50.35,3.53333,
"Nizhny Tagil",343700,"Russia","RU",57.9194,59.965,
"Podolsk",343650,"Russia","RU",55.4242,37.5547,
"Yakutsk",343581,"Russia","RU",62.0339,129.733,
"Barletta",342721,"Italy","IT",41.3143,16.2817,
"Simferopol",339529,"Ukraine","UA",44.9572,34.1108,
"Bydgoszcz",338761,"Poland","PL",53.1235,18.0076,
"Preston",338446,"United Kingdom","GB",53.7628,-2.70452,
"Krasnogvargeisky",337091,"Russia","RU",59.973,30.4761,
"Parma",336487,"Italy","IT",44.7994,10.3262,
"Birkenhead",335971,"United Kingdom","GB",53.3934,-3.01479,
"Bielefeld",334631,"Germany","DE",52.0333,8.53333,
"Varna",334289,"Bulgaria","BG",43.2167,27.9167,
"Vicenza",334102,"Italy","IT",45.5467,11.5475,
"Nola",330100,"Italy","IT",40.9261,14.5282,
"Kingston upon Hull",328518,"United Kingdom","GB",53.7446,-0.33525,
"Lublin",326875,"Poland","PL",51.25,22.5667,
"Smolensk",326841,"Russia","RU",54.7818,32.0401,
"Saransk",326515,"Russia","RU",54.1838,45.1749,
"Newport",324815,"United Kingdom","GB",52.7668,-2.37734,
"Newport",324815,"United Kingdom","GB",51.5877,-2.99835,
"Newport",324815,"United Kingdom","GB",50.7015,-1.29124,
"Karlsruhe",323804,"Germany","DE",49.0094,8.40444,
"Volzhskiy",323293,"Russia","RU",48.7858,44.7797,
"Kherson",320477,"Ukraine","UA",46.6558,32.6178,
"Bonn",320358,"Germany","DE",50.7344,7.09549,
"Swansea",320236,"United Kingdom","GB",51.6208,-3.94323,
"Cherepovets",319500,"Russia","RU",59.1333,37.9,
"Murmansk",319263,"Russia","RU",68.9792,33.0925,
"Islington",319143,"United Kingdom","GB",51.5362,-0.10304,
"Vologda",318455,"Russia","RU",59.2239,39.884,
"Poltava",317847,"Ukraine","UA",49.5937,34.5407,
"Hrodna",317365,"Belarus","BY",53.6884,23.8258,
"Katowice",317316,"Poland","PL",50.2584,19.0275,
"Iasi",316343,"Romania","RO",47.1667,27.6,
"Lecco",313867,"Italy","IT",45.8559,9.39704,
"Orel",313814,"Russia","RU",52.9651,36.0785,
"Ostrava",313088,"Czech Republic","CZ",49.8346,18.282,
"Vigo",308323,"Spain","ES",42.2328,-8.72264,
"Cluj-Napoca",308304,"Romania","RO",46.7667,23.6,
"Chernihiv",307684,"Ukraine","UA",51.5055,31.2849,
"Timisoara",306435,"Romania","RO",45.7537,21.2257,
"Kurgan",305791,"Russia","RU",55.45,65.3333,
"Craiova",304142,"Romania","RO",44.3167,23.8,
"Constanta",303399,"Romania","RO",44.1807,28.6343,
"Malmoe",301706,"Sweden","SE",55.6059,13.0007,
"Valladolid",300977,"Spain","ES",41.6552,-4.72372,
"Bradford",299310,"United Kingdom","GB",53.7939,-1.75206,
"Cherkasy",297568,"Ukraine","UA",49.4285,32.0621,
"Vladikavkaz",297145,"Russia","RU",43.0367,44.6678,
"Southend-on-Sea",295310,"United Kingdom","GB",51.5378,0.71433,
"Sumy",294456,"Ukraine","UA",50.9216,34.8003,
"Galati",294087,"Romania","RO",45.45,28.05,
"Bialystok",291855,"Poland","PL",53.1333,23.1643,
"Tambov",290933,"Russia","RU",52.7317,41.4433,
"Sector 4",287828,"Romania","RO",44.3757,26.1208,
"Marienthal",287101,"Germany","DE",53.5667,10.0833,
"Zhytomyr",282192,"Ukraine","UA",50.2649,28.6767,
"Hamburg-Nord",280000,"Germany","DE",53.5894,9.984,
"Yoshkar-Ola",279100,"Russia","RU",56.6388,47.8908,
"Taganrog",279056,"Russia","RU",47.2362,38.8969,
"Horlivka",278550,"Ukraine","UA",48.3358,38.0532,
"Kostroma",277656,"Russia","RU",57.7665,40.9269,
"Gijon",277554,"Spain","ES",43.5357,-5.66152,
"Brasov",276088,"Romania","RO",45.6486,25.6061,
"Komsomolsk-on-Amur",275908,"Russia","RU",50.5503,137.01,
"Nal'chik",272800,"Russia","RU",43.4981,43.6189,
"Wiesbaden",272432,"Germany","DE",50.0826,8.24932,
"Ljubljana",272220,"Slovenia","SI",46.0511,14.5051,
"Sector 5",271575,"Romania","RO",44.3881,26.0714,
"Derby",270468,"United Kingdom","GB",52.9228,-1.47663,
"Muenster",270184,"Germany","DE",51.9624,7.62571,
"Gelsenkirchen",270028,"Germany","DE",51.5051,7.09654,
"Sterlitamak",267231,"Russia","RU",53.6246,55.9501,
"Eixample",266477,"Spain","ES",41.389,2.16179,
"Aachen",265208,"Germany","DE",50.7766,6.08342,
"Petrozavodsk",265025,"Russia","RU",61.7849,34.3469,
"Moenchengladbach",261742,"Germany","DE",51.1854,6.44172,
"Plymouth",260203,"United Kingdom","GB",50.3715,-4.14305,
"Augsburg",259196,"Germany","DE",48.3715,10.8985,
"Luton",258018,"United Kingdom","GB",51.8797,-0.41748,
"L'Hospitalet de Llobregat",257038,"Spain","ES",41.3597,2.10028,
"Espoo",256760,"Finland","FI",60.2052,24.6522,
"Latina",256644,"Spain","ES",40.389,-3.74569,
"Bratsk",256600,"Russia","RU",56.1325,101.614,
"Rivne",255106,"Ukraine","UA",50.6231,26.2274,
"Gdynia",253730,"Poland","PL",54.5189,18.5319,
"Carabanchel",253678,"Spain","ES",40.3909,-3.7242,
"Wolverhampton",252791,"United Kingdom","GB",52.5855,-2.12296,
"Eimsbuettel",251907,"Germany","DE",53.5742,9.95679,
"Altona",250192,"Germany","DE",53.55,9.93333,
"Nis",250000,"Serbia","RS",43.3247,21.9033,
"Kropyvnytskyi",249454,"Ukraine","UA",48.5132,32.2597,
"Kamianske",248575,"Ukraine","UA",48.5113,34.6021,
"Czestochowa",248125,"Poland","PL",50.7965,19.1241,
"City of Westminster",247614,"United Kingdom","GB",51.5,-0.11667,
"Chemnitz",247220,"Germany","DE",50.8357,12.9292,
"Orsk",246836,"Russia","RU",51.2049,58.5668,
"A Coruna",246056,"Spain","ES",43.3713,-8.396,
"Nizhnevartovsk",244937,"Russia","RU",60.9344,76.5531,
"Braunschweig",244715,"Germany","DE",52.2659,10.5267,
"Puente de Vallecas",244151,"Spain","ES",40.3935,-3.662,
"Angarsk",243158,"Russia","RU",52.5367,103.886,
"Mar'ino",243000,"Russia","RU",55.65,37.7167,
"Novorossiysk",241856,"Russia","RU",44.7244,37.7675,
"Khimki",239967,"Russia","RU",55.897,37.4297,
"Blackpool",239409,"United Kingdom","GB",53.8167,-3.05,
"Krefeld",237984,"Germany","DE",51.3364,6.55381,
"Arhus",237551,"Denmark","DK",56.1567,10.2108,
"Kosice",236563,"Slovakia","SK",48.714,21.2581,
"Chernivtsi",236250,"Ukraine","UA",48.2915,25.9403,
"Sant Marti",235719,"Spain","ES",41.4181,2.19933,
"Ternopil",235676,"Ukraine","UA",49.5534,25.5892,
"Gasteiz / Vitoria",235661,"Spain","ES",42.85,-2.67268,
"Granada",234325,"Spain","ES",37.1882,-3.60667,
"Nizhnekamsk",234297,"Russia","RU",55.6366,51.8245,
"Halle (Saale)",234107,"Germany","DE",51.4816,11.9795,
"Hamburg-Mitte",233144,"Germany","DE",53.55,10.0167,
"Dzerzhinsk",233126,"Russia","RU",56.2414,43.4554,
"Kiel",232758,"Germany","DE",54.3213,10.1349,
"Syktyvkar",230139,"Russia","RU",61.6764,50.8099,
"Elche",230112,"Spain","ES",38.2622,-0.70107,
"Milton Keynes",229941,"United Kingdom","GB",52.0417,-0.75583,
"Magdeburg",229826,"Germany","DE",52.1277,11.6292,
"Ploiesti",228851,"Romania","RO",44.95,26.0167,
"Ciudad Lineal",228171,"Spain","ES",40.445,-3.65132,
"Bexley",228000,"United Kingdom","GB",51.4416,0.14866,
"Kremenchuk",227494,"Ukraine","UA",49.068,33.4204,
"Sosnowiec",227295,"Poland","PL",50.2868,19.1038,
"Staryy Oskol",226977,"Russia","RU",51.2967,37.8417,
"Neue Neustadt",226851,"Germany","DE",52.15,11.6333,
"Radom",226794,"Poland","PL",51.4025,21.1471,
"Groznyy",226100,"Russia","RU",43.312,45.6889,
"Sector 1",225453,"Romania","RO",44.4924,26.0483,
"Oviedo",224005,"Spain","ES",43.3603,-5.84476,
"Santa Cruz de Tenerife",222417,"Spain","ES",28.4682,-16.2546,
"Graz",222326,"Austria","AT",47.0667,15.45,
"Shakhty",221312,"Russia","RU",47.7091,40.2144,
"Blagoveshchensk",221296,"Russia","RU",50.2796,127.54,
"Banja Luka",221106,"Bosnia and Herzegovina","BA",44.7784,17.1939,
"Babruysk",220517,"Belarus","BY",53.1384,29.2214,
"Fuencarral-El Pardo",220085,"Spain","ES",40.4984,-3.7314,
"Messina",219948,"Italy","IT",38.1939,15.5526,
"Badalona",219547,"Spain","ES",41.45,2.24741,
"Oberhausen",219176,"Germany","DE",51.4781,6.8625,
"Prokop'yevsk",219000,"Russia","RU",53.9059,86.719,
"Rybinsk",216724,"Russia","RU",58.0446,38.8426,
"Vykhino-Zhulebino",216000,"Russia","RU",55.702,37.8118,
"Freiburg",215966,"Germany","DE",47.9959,7.85222,
"Northampton",215963,"United Kingdom","GB",52.25,-0.88333,
"Zelenograd",215727,"Russia","RU",55.9825,37.1814,
"Archway",215667,"United Kingdom","GB",51.5673,-0.13415,
"Biysk",215430,"Russia","RU",52.5364,85.2072,
"Novi Sad",215400,"Serbia","RS",45.2517,19.8369,
"Velikiy Novgorod",215062,"Russia","RU",58.5213,31.271,
"Centralniy",214625,"Russia","RU",59.9311,30.3607,
"Lutsk",213661,"Ukraine","UA",50.7593,25.3424,
"Bergen",213585,"Norway","NO",60.393,5.32415,
"Braila",213569,"Romania","RO",45.2667,27.9833,
"Norwich",213166,"United Kingdom","GB",52.6278,1.29834,
"Mokotow",212670,"Poland","PL",52.1934,21.0349,
"Luebeck",212207,"Germany","DE",53.8689,10.6873,
"Cartagena",211996,"Spain","ES",37.6051,-0.98623,
"Terrassa",210941,"Spain","ES",41.5667,2.01667,
"Torun",208717,"Poland","PL",53.0137,18.5981,
"Kielce",208598,"Poland","PL",50.8703,20.6275,
"Jerez de la Frontera",207532,"Spain","ES",36.6865,-6.13606,
"Oradea",206614,"Romania","RO",47.0458,21.9183,
"Sabadell",206493,"Spain","ES",41.5433,2.10942,
"Mostoles",206478,"Spain","ES",40.3223,-3.86496,
"Linz",204846,"Austria","AT",48.3064,14.2861,
"Alcala de Henares",204574,"Spain","ES",40.4821,-3.35996,
"Ivano-Frankivsk",204200,"Ukraine","UA",48.9215,24.7097,
"Debrecen",204124,"Hungary","HU",47.5333,21.6333,
"Erfurt",203254,"Germany","DE",50.9787,11.0328,
"Vasyl'evsky Ostrov",203058,"Russia","RU",59.9409,30.2538,
"Harburg",202571,"Germany","DE",53.4606,9.98388,
"Pskov",201990,"Russia","RU",57.8136,28.3496,
"Favoriten",201882,"Austria","AT",48.1612,16.3823,
"Nicosia",200452,"Cyprus","CY",35.1753,33.3642,
"Severnyy",200000,"Russia","RU",55.9358,37.5489,
"Tilburg",199613,"Netherlands","NL",51.5555,5.0913,
"Balakovo",199572,"Russia","RU",52.0278,47.8007,
"Armavir",199548,"Russia","RU",44.9892,41.1234,
"Bila Tserkva",199163,"Ukraine","UA",49.8094,30.1121,
"Dudley",199059,"United Kingdom","GB",52.5,-2.08333,
"Hagen",198972,"Germany","DE",51.3608,7.47168,
"Gliwice",198835,"Poland","PL",50.2976,18.6766,
"Pamplona",198491,"Spain","ES",42.8169,-1.64323,
"Rostock",198293,"Germany","DE",54.0887,12.1405,
"Fuenlabrada",197836,"Spain","ES",40.2842,-3.79415,
"Aberdeen",196670,"United Kingdom","GB",57.1437,-2.09814,
"Reims",196565,"France","FR",49.25,4.03333,
"Engel's",196011,"Russia","RU",51.4839,46.1053,
"Burgas",195966,"Bulgaria","BG",42.5061,27.4678,
"Kassel",194501,"Germany","DE",51.3167,9.5,
"Severodvinsk",194292,"Russia","RU",64.5635,39.8302,
"Portsmouth",194150,"United Kingdom","GB",50.799,-1.09125,
"Klaipeda",192307,"Lithuania","LT",55.7089,21.1431,
"Zabrze",192177,"Poland","PL",50.3249,18.7858,
"Zlatoust",191366,"Russia","RU",55.1711,59.6508,
"Cork",190384,"Ireland","IE",51.898,-8.47061,
"Vantaa",190058,"Finland","FI",60.2941,25.041,
"Syzran'",189338,"Russia","RU",53.1585,48.4681,
"Bytom",189186,"Poland","PL",50.348,18.9328,
"Almeria",188810,"Spain","ES",36.8381,-2.45974,
"Praga Poludnie",187845,"Poland","PL",52.2442,21.0854,
"Sutton",187600,"United Kingdom","GB",51.35,-0.2,
"Petropavlovsk-Kamchatsky",187282,"Russia","RU",53.0444,158.651,
"Trieste",187056,"Italy","IT",45.6495,13.7768,
"Donaustadt",187007,"Austria","AT",48.2333,16.46,
"Leganes",186066,"Spain","ES",40.3272,-3.7635,
"Le Havre",185972,"France","FR",49.4938,0.10767,
"Swindon",185609,"United Kingdom","GB",51.558,-1.78116,
"Dun Laoghaire",185400,"Ireland","IE",53.2939,-6.13586,
"San Sebastian",185357,"Spain","ES",43.3128,-1.97499,
"Hamm",185327,"Germany","DE",51.6803,7.82089,
"Mainz",184997,"Germany","DE",49.9842,8.2791,
"Geneve",183981,"Switzerland","CH",46.2022,6.14569,
"Cergy-Pontoise",183430,"France","FR",49.0389,2.07805,
"Korolyov",183402,"Russia","RU",55.9173,37.8179,
"Sants-Montjuic",183120,"Spain","ES",41.3726,2.1546,
"Santander",182700,"Spain","ES",43.4647,-3.80444,
"Kamensk-Ural'skiy",182500,"Russia","RU",56.4185,61.9329,
"Prato",181820,"Italy","IT",43.8805,11.097,
"Saarbruecken",181227,"Germany","DE",49.2326,7.00982,
"Groningen",181194,"Netherlands","NL",53.2192,6.56667,
"Crawley",180508,"United Kingdom","GB",51.113,-0.18312,
"Castello de la Plana",180005,"Spain","ES",39.9857,-0.04935,
"Yasenevo",180000,"Russia","RU",55.6069,37.5199,
"Burgos",178966,"Spain","ES",42.3411,-3.70184,
"Amadora",178858,"Portugal","PT",38.7538,-9.23083,
"Ipswich",178835,"United Kingdom","GB",52.0592,1.15545,
"Bielsko-Biala",176515,"Poland","PL",49.8224,19.0469,
"Yuzhno-Sakhalinsk",176484,"Russia","RU",46.9541,142.736,
"Almere Stad",176432,"Netherlands","NL",52.3703,5.21413,
"Split",176314,"Croatia","HR",43.5089,16.4391,
"Turku",175945,"Finland","FI",60.4515,22.2687,
"Wigan",175405,"United Kingdom","GB",53.543,-2.63706,
"Kramators'k",173700,"Ukraine","UA",48.723,37.5563,
"Croydon",173314,"United Kingdom","GB",51.3833,-0.1,
"Miskolc",172637,"Hungary","HU",48.1,20.7833,
"Walsall",172141,"United Kingdom","GB",52.5853,-1.98396,
"Herne",172108,"Germany","DE",51.5388,7.22572,
"Lyublino",172000,"Russia","RU",55.6774,37.7601,
"Mansfield",171958,"United Kingdom","GB",53.1333,-1.2,
"Olsztyn",171803,"Poland","PL",53.7799,20.4942,
"Prizren",171464,"Kosovo","XK",42.2139,20.7397,
"Bacau",171396,"Romania","RO",46.5672,26.9138,
"Oxford",171380,"United Kingdom","GB",51.7522,-1.25596,
"Muelheim",171000,"Germany","DE",51.4322,6.87967,
"Albacete",169716,"Spain","ES",38.9942,-1.85643,
"Reggio Calabria",169140,"Italy","IT",38.1105,15.6613,
"Arad",169065,"Romania","RO",46.1833,21.3167,
"Baranovichi",168772,"Belarus","BY",53.1327,26.0139,
"Angers",168279,"France","FR",47.4738,-0.54774,
"Horta-Guinardo",168092,"Spain","ES",41.4185,2.1677,
"Patra",168034,"Greece","GR",38.2444,21.7344,
"Alcorcon",167967,"Spain","ES",40.3458,-3.82487,
"Berezniki",167748,"Russia","RU",59.4091,56.8204,
"Volgodonsk",167731,"Russia","RU",47.5136,42.1514,
"Breda",167673,"Netherlands","NL",51.5866,4.77596,
"Pitesti",167669,"Romania","RO",44.85,24.8667,
"Miass",167500,"Russia","RU",55.045,60.1083,
"Abakan",167289,"Russia","RU",53.7156,91.4292,
"Neukoelln",167248,"Germany","DE",52.4772,13.4313,
"Getafe",167164,"Spain","ES",40.3057,-3.73295,
"Novocherkassk",166974,"Russia","RU",47.421,40.0919,
"Osnabrueck",166462,"Germany","DE",52.2726,8.0498,
"Nou Barris",166310,"Spain","ES",41.4416,2.17727,